레시피ID,이름,분류,등급,필요시설,재료,결과,효과,지속,숙련도,태그,공개,판매가
cook_boiled_egg,삶은 달걀,간단요리,R1,공용 주방,"달걀x1, 물x1",삶은 달걀x1,HP [1D] 회복,즉시,1,"피로도,회복",TRUE,20
cook_milk_porridge,우유죽,간단요리,R1,공용 주방,"우유x1, 밀x1, 물x1",우유죽x1,HP [2D] 회복,즉시,1,"피로도,회복",TRUE,45
cook_vegetable_soup,채소 수프,간단요리,R1,공용 주방,"채소x1, 물x1, 소금x1",채소 수프x1,MP [2D]+1 회복,즉시,2,"피로도,회복",TRUE,60
cook_fruit_milk,과일 우유,간단요리,R1,공용 주방,"과일x1, 우유x1",과일 우유x1,30분 동안 채집 행운 +2,30분,2,"생활행운,채집",TRUE,30
cook_flatbread,납작빵,간단요리,R1,공용 주방,"밀x1, 물x1, 소금x1",납작빵x1,HP [2D]+2 회복,즉시,2,"피로도,회복",TRUE,70
basic_salted_bread,소금빵,기본요리,R0,공용 주방,"밀x1, 소금x1, 물x1",소금빵,HP [2D]+2 회복,즉시,5,"피로도,빵",TRUE,70
basic_vegetable_soup,채소 수프,기본요리,R0,공용 주방,"채소x1, 물x1, 소금x1",채소 수프,MP [2D]+1 회복,즉시,6,"피로도,수프",TRUE,60
basic_omelet,폭신한 오믈렛,기본요리,R1,공용 주방,"달걀x1, 우유x1, 소금x1",폭신한 오믈렛,세션 버프: 최대 HP +2,세션,8,"세션,HP",TRUE,75
basic_cheese_toast,치즈 토스트,기본요리,R1,공용 주방,"밀x1, 치즈x1",치즈 토스트,세션 버프: 정신 판정 +1,세션,8,"세션,판정",TRUE,100
basic_meat_skewer,소금 고기꼬치,기본요리,R1,공용 주방,"고기x1, 소금x1",소금 고기꼬치,세션 버프: 공격 대미지 +1,세션,8,"세션,공격",TRUE,60
basic_fruit_milk,과일 우유,기본요리,R1,공용 주방,"과일x1, 우유x1",과일 우유,MP [1D]+1 회복,즉시,7,"피로도,음료",TRUE,25
basic_meat_soup,고기 수프,기본요리,R1,공용 주방,"고기x1, 채소x1, 물x1",고기 수프,HP [2D] 회복,즉시,8,"피로도,수프",TRUE,35
basic_green_salad,상큼한 샐러드,생활요리,R1,공용 주방,"채소x1, 과일x1, 소금x1",상큼한 샐러드,채집 행운 +1,30분,8,"채집,행운",TRUE,70
basic_spiced_meat,향신료 구이,기본요리,R1,공용 주방,"고기x1, 향신료x1, 소금x1",향신료 구이,세션 버프: 공격 대미지 +1,세션,10,"세션,공격",TRUE,130
basic_cheese_omelet,치즈 오믈렛,기본요리,R2,공용 주방,"달걀x1, 우유x1, 치즈x1",치즈 오믈렛,세션 버프: 최대 HP +2,세션,12,"세션,HP",TRUE,100
basic_fruit_tart,과일 타르트,기본요리,R2,공용 주방,"밀x1, 과일x1, 우유x1",과일 타르트,MP [2D]+1 회복,즉시,12,"피로도,디저트",TRUE,50
basic_cheese_soup,치즈 채소 수프,기본요리,R2,공용 주방,"채소x1, 치즈x1, 물x1",치즈 채소 수프,세션 버프: 물리 방어력 +1,세션,12,"세션,방어",TRUE,95
basic_hunter_stew,사냥꾼 스튜,기본요리,R2,공용 주방,"고기x1, 채소x1, 향신료x1",사냥꾼 스튜,세션 버프: 공격 대미지 +1,세션,14,"세션,복합",TRUE,100
basic_fisher_snack,낚시꾼 간식,생활요리,R2,공용 주방,"밀x1, 치즈x1, 소금x1",낚시꾼 간식,낚시 행운 +2,30분,14,"낚시,행운",TRUE,140
basic_gatherer_drink,약초꾼 음료,생활요리,R2,공용 주방,"과일x1, 물x1, 향신료x1",약초꾼 음료,채집 행운 +2,30분,14,"채집,행운",TRUE,90
basic_lucky_plate,작은 행운 정식,생활요리,R2,공용 주방,"달걀x1, 채소x1, 향신료x1",작은 행운 정식,낚시·채집 행운 +1,30분,14,"생활,행운",TRUE,100
basic_hearty_breakfast,든든한 아침식사,기본요리,R2,공용 주방,"달걀x1, 고기x1, 밀x1",든든한 아침식사,HP [2D]+1 회복,즉시,15,"피로도,식사",TRUE,50
cook_cheese_bread,치즈빵,간단요리,R1,공용 주방,"밀x1, 치즈x1, 물x1",치즈빵x1,HP [3D] 회복,즉시,3,"피로도,회복",TRUE,100
cook_herb_salad,산나물 샐러드,채집요리,R1,공용 주방,"산나물x1, 채소x1, 소금x1",산나물 샐러드x1,30분 동안 채집 행운 +3,30분,3,"생활행운,채집",TRUE,65
cook_bellflower_tea,도라지 차,채집요리,R1,공용 주방,"도라지x1, 물x1",도라지 차x1,세션 버프: 감지 판정 +1,다음 세션,3,"세션버프,판정",TRUE,15
cook_deodeok_grill,더덕구이,채집요리,R1,공용 주방,"더덕x1, 소금x1",더덕구이x1,MP [2D] 회복,즉시,3,"피로도,회복",TRUE,45
cook_strawberry_jam,산딸기 잼,채집요리,R1,공용 주방,"산딸기x2, 물x1",산딸기 잼x1,30분 동안 채집 행운 +3,30분,4,"생활행운,채집",TRUE,20
cook_licorice_milk,감초 우유,채집요리,R1,공용 주방,"감초x1, 우유x1",감초 우유x1,MP [1D] 회복,즉시,4,"피로도,회복",TRUE,20
cook_mistletoe_tea,겨우살이 차,채집요리,R1,공용 주방,"겨우살이x1, 물x1",겨우살이 차x1,세션 버프: 정신 판정 +1,다음 세션,4,"세션버프,판정",TRUE,10
cook_bass_grill,소금 배스구이,생선요리,R1,공용 주방,"배스x1, 소금x1",소금 배스구이x1,30분 동안 낚시 행운 +3,30분,3,"생활행운,낚시",TRUE,50
cook_carp_soup,잉어 맑은탕,생선요리,R1,공용 주방,"잉어x1, 물x1, 소금x1",잉어 맑은탕x1,HP [2D]+1 회복,즉시,3,"피로도,회복",TRUE,50
cook_mudfish_soup,미꾸라지탕,생선요리,R1,공용 주방,"미꾸라지x1, 채소x1, 물x1",미꾸라지탕x1,세션 버프: 근력 판정 +1,다음 세션,4,"세션버프,판정",TRUE,30
cook_trout_roast,송어구이,생선요리,R1,공용 주방,"송어x1, 소금x1",송어구이x1,HP [2D] 회복,즉시,4,"피로도,회복",TRUE,45
cook_salmon_steak,연어 스테이크,생선요리,R1,공용 주방,"연어x1, 소금x1, 향신료x1",연어 스테이크x1,30분 동안 낚시 행운 +5,30분,6,"생활행운,낚시",TRUE,120
cook_tilapia_wrap,틸라피아 랩,생선요리,R1,공용 주방,"틸라피아x1, 밀x1, 채소x1",틸라피아 랩x1,HP [2D] 회복,즉시,5,"피로도,회복",TRUE,45
cook_hot_spring_fish,유황어 온천찜,생선요리,R2,조리대,"유황어x1, 물x1, 소금x1",유황어 온천찜x1,HP [2D]+1 회복,즉시,8,"피로도,회복",TRUE,60
cook_crayfish_cheese,금박가재 치즈구이,생선요리,R2,조리대,"금박가재x1, 치즈x1, 향신료x1",금박가재 치즈구이x1,세션 버프: 공격 대미지 +1,다음 세션,8,"세션버프,복합",TRUE,160
cook_flower_catfish_stew,꽃잎 메기 스튜,생선요리,R2,조리대,"꽃잎 메기x1, 채소x1, 물x1",꽃잎 메기 스튜x1,세션 버프: 감지 판정 +1,다음 세션,8,"세션버프,복합",TRUE,45
cook_angel_fish_meuniere,엔젤피쉬 뫼니에르,생선요리,R2,조리대,"엔젤피쉬x1, 밀x1, 우유x1",엔젤피쉬 뫼니에르x1,세션 버프: 최대 MP +1,다음 세션,9,"세션버프,복합",TRUE,60
cook_sansam_chicken,산삼 백숙,채집요리,R2,조리대,"산삼x1, 고기x1, 물x1",산삼 백숙x1,"HP [1D] 회복, MP [1D] 회복",즉시,9,"피로도,회복",TRUE,40
cook_cordyceps_soup,동충하초 수프,채집요리,R2,조리대,"동충하초x1, 물x1, 향신료x1",동충하초 수프x1,세션 버프: 최대 HP +2,다음 세션,10,"세션버프,복합",TRUE,100
cook_luminous_moss_jelly,발광이끼 젤리,채집요리,R2,조리대,"발광이끼x1, 과일x1, 물x1",발광이끼 젤리x1,30분 동안 채집 행운 +5,30분,10,"생활행운,채집",TRUE,35
cook_reishi_hotpot,영지버섯 전골,채집요리,R2,조리대,"영지버섯x1, 채소x1, 물x1",영지버섯 전골x1,MP [1D]+1 회복,즉시,8,"피로도,회복",TRUE,25
cook_rockfruit_pie,락 후르츠 파이,채집요리,R2,조리대,"락 후르츠x1, 밀x1, 우유x1",락 후르츠 파이x1,세션 버프: 최대 HP +2,다음 세션,10,"세션버프,HP",TRUE,60
cook_heaven_berry_tart,헤븐 베리 타르트,고급요리,R3,주방,"헤븐 베리x1, 밀x1, 우유x1, 치즈x1",헤븐 베리 타르트x1,"HP [2D]+2 회복, MP [2D]+2 회복",즉시,14,"피로도,회복",TRUE,135
cook_goliath_fish_platter,골리앗피쉬 플래터,고급요리,R3,주방,"골리앗피쉬x1, 채소x1, 소금x1, 향신료x1",골리앗피쉬 플래터x1,세션 버프: 공격 대미지 +1,다음 세션,15,"세션버프,복합",TRUE,175
cook_adventurer_stew,모험가 스튜,고급요리,R3,주방,"고기x1, 채소x1, 물x1, 산나물x1, 배스x1",모험가 스튜x1,세션 버프: 원하는 능력 판정 +1,다음 세션,15,"세션버프,판정",TRUE,55
cook_arowana_cutlet,아로와나 커틀릿,생선요리,R2,조리대,"아로와나x1, 밀x1, 달걀x1, 소금x1",아로와나 커틀릿x1,세션 버프: 공격 대미지 +1,다음 세션,9,"세션버프,복합",TRUE,105
cook_mountain_trout_soup,산천어 산채탕,생선요리,R2,조리대,"산천어x1, 산나물x1, 물x1, 소금x1",산천어 산채탕x1,HP [2D]+2 회복,즉시,9,"피로도,회복",TRUE,65
cook_slime_jack_jelly,슬라임 잭 젤리,생선요리,R2,조리대,"슬라임 잭x1, 과일x1, 물x1",슬라임 잭 젤리x1,30분 동안 낚시 행운 +5,30분,10,"생활행운,낚시",TRUE,40
cook_fog_sardine_toast,안개정어리 토스트,생선요리,R2,조리대,"안개정어리x1, 밀x1, 치즈x1",안개정어리 토스트x1,30분 동안 낚시 행운 +5,30분,10,"생활행운,낚시",TRUE,125
cook_green_mandarin_fish,녹쏘가리 허브찜,생선요리,R2,조리대,"녹쏘가리x1, 산나물x1, 향신료x1",녹쏘가리 허브찜x1,세션 버프: 민첩 판정 +1,다음 세션,11,"세션버프,복합",TRUE,110
cook_icicle_carp_sorbet,고드름 잉어 소르베,고급요리,R3,주방,"고드름 잉어x1, 과일x1, 물x1",고드름 잉어 소르베x1,세션 버프: 마법 방어력 +1,다음 세션,13,"세션버프,방어",TRUE,60
cook_pyrelthus_spicy_grill,파이렐투스 매운구이,고급요리,R3,주방,"파이렐투스x1, 향신료x1, 소금x1",파이렐투스 매운구이x1,세션 버프: 공격 대미지 +1,다음 세션,14,"세션버프,공격",TRUE,165
cook_platinum_fish_pie,백금어 파이,고급요리,R3,주방,"백금어x1, 밀x1, 우유x1, 치즈x1",백금어 파이x1,HP [3D]+2 회복,즉시,14,"피로도,회복",TRUE,145
cook_ruby_star_chowder,루비 스타 차우더,고급요리,R3,주방,"루비 스타x1, 우유x1, 물x1, 향신료x1",루비 스타 차우더x1,세션 버프: 행운 수정치 +1,다음 세션,15,"세션버프,복합",TRUE,145
cook_rebel_fish_steak,역천어 스테이크,고급요리,R3,주방,"역천어x1, 채소x1, 소금x1, 향신료x1",역천어 스테이크x1,세션 버프: 공격 대미지 +1,다음 세션,16,"세션버프,복합",TRUE,190
cook_baekyang_elixir_soup,백양초 회복탕,채집요리,R2,조리대,"백양초x1, 물x1, 산나물x1",백양초 회복탕x1,MP [2D] 회복,즉시,9,"피로도,회복",TRUE,35
cook_blue_rose_tea,푸른 장미 차,채집요리,R2,조리대,"푸른 장미x1, 물x1, 향신료x1",푸른 장미 차x1,세션 버프: 최대 MP +1,다음 세션,10,"세션버프,마법",TRUE,100
cook_hasuo_root_stew,하수오 뿌리찜,채집요리,R2,조리대,"하수오x1, 고기x1, 물x1",하수오 뿌리찜x1,MP [2D] 회복,즉시,10,"피로도,회복",TRUE,35
cook_udumbara_tea,우담바라 영차,고급요리,R3,주방,"우담바라x1, 물x1, 과일x1",우담바라 영차x1,세션 버프: 행운 수정치 +1,다음 세션,15,"세션버프,판정",FALSE,60
cook_mandrake_omelet,맨드레이크 오믈렛,고급요리,R3,주방,"맨드레이크x1, 달걀x1, 우유x1",맨드레이크 오믈렛x1,세션 버프: 최대 HP +2,다음 세션,15,"세션버프,복합",TRUE,75
cook_ghost_hand_risotto,유령손 리조토,고급요리,R3,주방,"유령손x1, 밀x1, 치즈x1, 향신료x1",유령손 리조토x1,세션 버프: 지력 판정 +1,다음 세션,16,"세션버프,마법",TRUE,220
cook_dragon_flower_roast,드래곤 플라워 로스트,고급요리,R3,주방,"드래곤 플라워x1, 고기x1, 향신료x1",드래곤 플라워 로스트x1,세션 버프: 공격 대미지 +1,다음 세션,18,"세션버프,공격",TRUE,135
cook_marigold_cookie,메리골드 쿠키,고급요리,R3,주방,"메리골드x1, 밀x1, 달걀x1, 우유x1",메리골드 쿠키x1,세션 버프: 행운 수정치 +1,다음 세션,16,"세션버프,행운",TRUE,105
cook_golden_firefly_cordial,황금 반딧풀 코디얼,고급요리,R3,주방,"황금 반딧풀x1, 과일x1, 물x1",황금 반딧풀 코디얼x1,30분 동안 낚시·채집 행운 +8,30분,20,"생활행운,복합",TRUE,65
cook_waterdrop_flower_cake,물망울 꽃 케이크,명품요리,R4,고급 주방,"물망울 꽃x1, 밀x1, 우유x1, 치즈x1",물망울 꽃 케이크x1,"세션 버프: 최대 HP +2, 최대 MP +1",다음 세션,25,"세션버프,명품",TRUE,1075